Workbook

Sheet Dashboard
A1: Qltc Project Tracking System
A2: Design Thinking + Spiral Model | Project Tracker Dashboard (V2)
A4: VERSION | C4: OVERALL % COMPLETE | E4: BOTTLENECK STAGE | G4: TOPICS TRACKED
A5: ='Project Tracking System V2'!AH2 -> 2 | C5: ='Project Tracking System V2'!AH7 -> 0.17391304 | E5: =INDEX($A$11:$A$15,MATCH(MIN($E$11:$E$15),$E$11:$E$15,0)) -> Define | G5: =COUNTIF('Project Tracking System V2'!$B$2:$B$200,"Closed")+COUNTIF('Project Tracking System V2'!$B$2:$B$200,"Open") -> 20
A9: PROGRESS BY PHASE
A10: Stage | B10: Closed | C10: Open | D10: Total | E10: % Complete
A11: Empathise | B11: =COUNTIF('Project Tracking System V2'!B2:B200,"Closed") -> 20 | C11: =COUNTIF('Project Tracking System V2'!B2:B200,"Open") -> 0 | D11: =B11+C11 -> 20 | E11: =IF(D11=0,0,B11/D11) -> 1
A12: Define | B12: =COUNTIF('Project Tracking System V2'!H2:H200,"Closed") -> 0 | C12: =COUNTIF('Project Tracking System V2'!H2:H200,"Open") -> 20 | D12: =B12+C12 -> 20 | E12: =IF(D12=0,0,B12/D12) -> 0
A13: Ideate | B13: =COUNTIF('Project Tracking System V2'!N2:N200,"Closed") -> 0 | C13: =COUNTIF('Project Tracking System V2'!N2:N200,"Open") -> 20 | D13: =B13+C13 -> 20 | E13: =IF(D13=0,0,B13/D13) -> 0
A14: Prototype | B14: =COUNTIF('Project Tracking System V2'!U2:U200,"Closed") -> 0 | C14: =COUNTIF('Project Tracking System V2'!U2:U200,"Open") -> 20 | D14: =B14+C14 -> 20 | E14: =IF(D14=0,0,B14/D14) -> 0
A15: Testing | B15: =COUNTIF('Project Tracking System V2'!AA2:AA200,"Closed") -> 0 | C15: =COUNTIF('Project Tracking System V2'!AA2:AA200,"Open") -> 20 | D15: =B15+C15 -> 20 | E15: =IF(D15=0,0,B15/D15) -> 0
A22: Closed (all phases) | B22: =SUM(B11:B15) -> 20
A23: Open (all phases) | B23: =SUM(C11:C15) -> 80
A42: HOW TO READ THIS DASHBOARD
A43: • Version and Overall % Complete pull live from the Iteration Info block on the main sheet - no manual updates needed.
A44: • Bottleneck Stage highlights whichever phase has the lowest % Complete right now, so you always know where attention is needed.
A45: • The phase table and both charts recalculate automatically as topics move from Open to Closed on the main sheet.

Sheet Project Tracking System V2
A1: Section / Topic | B1: ="Empathise Version (V"&$AH$2&" - Open/Closed)" -> Empathise Version (V2 - Open/Closed) | C1: Details | D1: Responsibility | E1: Target Date | F1: Attachments | H1: ="Define Version (V"&$AH$2&" - Open/Closed)" -> Define Version (V2 - Open/Closed) | I1: Details | J1: Responsibility | K1: Target Date | L1: Attachments | N1: ="Ideate Version (V"&$AH$2&" - Open/Closed)" -> Ideate Version (V2 - Open/Closed) | O1: Details | P1: Risk / Assumption | Q1: Responsibility | R1: Target Date | S1: Attachments | U1: ="Prototype Version (V"&$AH$2&" - Open/Closed)" -> Prototype Version (V2 - Open/Closed) | V1: Details | W1: Responsibility | X1: Target Date | Y1: Attachments | AA1: ="Testing Version (V"&$AH$2&" - Open/Closed)" -> Testing Version (V2 - Open/Closed) | AB1: Details | AC1: Responsibility | AD1: Target Date | AE1: Attachments | AG1: Iteration Info
A2: A. Client Delivery Projects | AG2: Version | AH2: 2
A3: A1. Single Source of Truth | B3: Closed | C3: No single source of truth exists today. SAP B1 Project, Excel To-Do, and the Flutter app are all used inconsistently. Krishna wants something systematic, but keeps falling back to Excel - which has itself multiplied into several inconsistent sheets. | D3: Krishna Praveen Rao | E3: 46256 | H3: Open | I3: TBD | N3: Open | O3: TBD | U3: Open | V3: TBD | AA3: Open | AB3: TBD | AG3: Objective | AH3: Prove a workable, steady single source of truth for tracking all Qltc projects - client delivery across all 6 verticals AND internal product/innovation initiatives - built on Odoo first, Krishna self-building with Claude as guide
A4: A2. SAP B1 Project & Service Layer - Role Going Forward | B4: Closed | C4: Projects/Sub-Projects and Service Calls/Activities are separate object types in SAP B1 but blur together operationally. SAP B1 is confirmed weak natively for project tracking. SAP B1 stays system of record for financials/service delivery; project tracking moves to a dedicated platform. | D4: Krishna Praveen Rao | E4: 46256 | H4: Open | I4: TBD | N4: Open | O4: TBD | U4: Open | V4: TBD | AA4: Open | AB4: TBD | AG4: Owner | AH4: Krishna Praveen Rao
A5: A3. Excel Dependency & Retirement | B5: Closed | C5: Primary driver of Excel fallback is speed - typing into a blank sheet beats navigating the app/SAP B1 in the moment. Excel is retired immediately (no parallel transition period) once the new self-update view is live, for whichever verticals/projects are onboarded. | D5: Krishna Praveen Rao | E5: 46256 | H5: Open | I5: TBD | N5: Open | O5: TBD | U5: Open | V5: TBD | AA5: Open | AB5: TBD | AG5: Start Date | AH5: 46256
A6: A4. Vertical & Project Scope (All 6 Verticals) | B6: Closed | C6: PARTIAL: confirmed the tracking unit is the project, not the vertical, and that 3 verticals (ERP Implementation, Management System Consulting, Operational Excellence) currently have active projects. NOT YET explored: current project load/activity in the other 3 verticals (Business Development, Project Management, Software Development & Managed Services) - do they have active projects now, or are they dormant/pipeline-only? RESOLVED: Business Development and Project Management verticals are not dormant, but are currently more about marketing/selling Qltc's own services than delivering tracked client projects. Software Development & Managed Services is concretely active: SAP Add-ons (client work), the internal IMS app (B1) and LMS-Moodle (B4) development, and AWS Managed Services for Qltc's own SAP B1 clients - notably, one AWS Managed Services client was recently lost because Qltc could not demonstrate enough added value. This loss is a real, concrete instance of the differentiation/USP problem already named in B5/B6 - worth keeping visible as it reinforces why the product strategy (apps as USP) matters, not just as an abstract argument. V0 SCOPE UPDATE: SAP Add-ons and AWS Managed Services client work are added to V0 pilot scope now, alongside ERP Implementation, Management System Consulting, and Operational Excellence - both live under the Software Development & Managed Services vertical, so V0 effectively covers active client work across 4 verticals from day one, not 3. | D6: Krishna Praveen Rao | E6: 46256 | H6: Open | I6: TBD | N6: Open | O6: TBD | U6: Open | V6: TBD | AA6: Open | AB6: TBD | AG6: Target Date
A7: A5. Project Ownership Model | B7: Closed | C7: Status is updated by a named project owner assigned to that specific project - not the vertical lead by default. Owner names to be assigned during rollout, not fixed in advance. | D7: Krishna Praveen Rao | E7: 46256 | H7: Open | I7: TBD | N7: Open | O7: TBD | U7: Open | V7: TBD | AA7: Open | AB7: TBD | AG7: Overall % Complete | AH7: =(COUNTIF(B2:B24,"Closed")+COUNTIF(H2:H24,"Closed")+COUNTIF(N2:N24,"Closed")+COUNTIF(U2:U24,"Closed")+COUNTIF(AA2:AA24,"Closed"))/(5*COUNTA($A$2:$A$24)) -> 0.17391304
A8: A6. Update Cadence & Enforcement | B8: Closed | C8: Target cadence is daily updates by project owners, enforced via a 3-day no-update nudge (email) as the backstop rather than a hard daily rule. | D8: Krishna Praveen Rao | E8: 46256 | H8: Open | I8: TBD | N8: Open | O8: TBD | U8: Open | V8: TBD | AA8: Open | AB8: TBD
A9: A7. Client Communication / Status Sharing | B9: Closed | C9: Today: occasional email with an Excel attachment - manual, infrequent, disconnected from the tracker. Confirmed out of scope to build for V0; named as a downstream success signal (quick, accurate customer updates pulled from live data). | D9: Krishna Praveen Rao | E9: 46256 | H9: Open | I9: TBD | N9: Open | O9: TBD | U9: Open | V9: TBD | AA9: Open | AB9: TBD
A10: A8. Reporting & At-Risk Definition | B10: Closed | C10: Krishna's view should surface overdue/at-risk projects first. At-risk = past target date OR manually flagged by owner/Krishna. | D10: Krishna Praveen Rao | E10: 46256 | H10: Open | I10: TBD | N10: Open | O10: TBD | U10: Open | V10: TBD | AA10: Open | AB10: TBD
A11: A9. Mobile / Desktop / Tablet Access | B11: Closed | C11: Krishna checks status roughly 50/50 desktop vs mobile - solution must work well on both. Satisfied natively by the chosen platform's responsive web + mobile app. UPDATE: with Odoo Enterprise now confirmed (Topic C1), the official native mobile app with offline mode is available (not just the PWA), giving a stronger mobile experience than originally assumed when this topic first closed. | D11: Krishna Praveen Rao | E11: 46256 | H11: Open | I11: TBD | N11: Open | O11: TBD | U11: Open | V11: TBD | AA11: Open | AB11: TBD
A12: A10. Security & Access Control | B12: Closed | C12: Roughly 20 people total, all with full visibility - no restricted views/roles needed at this scale. | D12: Krishna Praveen Rao | E12: 46256 | H12: Open | I12: TBD | N12: Open | O12: TBD | U12: Open | V12: TBD | AA12: Open | AB12: TBD
A13: B. Product & Innovation Initiatives
A14: B1. IMS Web App (ISO Documentation & Audit) | B14: Closed | C14: Named only so far: a web-based Integrated Management System app focused on ISO documentation and audit. NOT YET explored: current build stage, who's building it, target users (internal team vs sold to clients), timeline pressure, and how it relates to the market-driven USP idea (Topic B5). RESOLVED: team members are building it (not Krishna solo, unlike the tracker itself). Has taken decent shape, meaningful effort invested already - but Krishna is not satisfied on three fronts: features, user-friendliness, and speed of deployment to market. This mirrors the team bottleneck pattern (B7) - effort is going in, but not converting to market-ready output fast enough. | D14: Krishna Praveen Rao | E14: 46256 | H14: Open | I14: TBD | N14: Open | O14: TBD | U14: Open | V14: TBD | AA14: Open | AB14: TBD
A15: B2. AI-Integrated CRM in Odoo (Starting with Quotation) | B15: Closed | C15: Named only so far, building on the earlier Odoo-Claude Quote Tracker project. NOT YET explored: current build stage, what 'AI-integrated' means beyond quotation (full CRM scope?), timeline, and relationship to the Odoo-first tracker platform decision (Topic C1) - could this CRM work and the tracker share the same Odoo instance/learnings? RESOLVED: still in the AI-quotation stage (not yet broader CRM). Real milestone reached today (22 Aug 2026) - the first AI-generated quote was actually sent to a client through this system. A lot of work remains, but this is genuine, working progress - not just concept. | D15: Krishna Praveen Rao | E15: 46256 | H15: Open | I15: TBD | N15: Open | O15: TBD | U15: Open | V15: TBD | AA15: Open | AB15: TBD
A16: B3. Enhanced HRMS in Odoo | B16: Closed | C16: Named only so far. NOT YET explored: what 'enhanced' means (what's missing from stock Odoo HRMS), current build stage, and timeline. RESOLVED: "enhanced" is benchmarked explicitly against Savior (by STJ Electronics) - a named competitor HRMS product with a stronger feature/reporting set than stock Odoo HRMS. Current stage: getting close to feature/reporting parity with Savior. This gives a concrete target rather than an open-ended "enhance it" brief. | D16: Krishna Praveen Rao | E16: 46256 | H16: Open | I16: TBD | N16: Open | O16: TBD | U16: Open | V16: TBD | AA16: Open | AB16: TBD
A17: B4. LMS via Moodle | B17: Closed | C17: Named only so far. NOT YET explored: current build stage, target users (internal training vs a client-facing/market product), and timeline. Also worth clarifying - unlike the other 3 products, this is on Moodle, not Odoo; does that change its priority given the Odoo-first sequencing decision (Topic C1)? RESOLVED: LMS is client-facing today, currently supporting Qltc's other verticals (e.g. training delivery for consulting engagements) - self-hosted on marketplace Moodle freeware/plugins, not deeply customised. Attempts to market it as a standalone product have not worked so far. Krishna wants to go deeper and build substantially on the Moodle platform, having heard of strong results others have achieved with it - this is a genuine build-depth ambition, not just a maintenance item, and is worth its own closer look in Ideate given the stated market failure so far. | D17: Krishna Praveen Rao | E17: 46256 | H17: Open | I17: TBD | N17: Open | O17: TBD | U17: Open | V17: TBD | AA17: Open | AB17: TBD
A18: B5. Opportunistic, Market-Driven Product Bets | B18: Closed | C18: Example: a bottling-plant MNC's HIRA & LOTO study request. Krishna's read: the real differentiator (USP) is a user-friendly mobile+desktop app supporting both the one-time study and ongoing sustenance - most competitors won't have this ready. DECISION: tracker logs such an opportunity only once it becomes a committed product bet (Category = Product-Innovation) - sales pipeline stays in Odoo CRM/AI-Quotation (B2). | D18: Krishna Praveen Rao | E18: 46256 | H18: Open | I18: TBD | N18: Open | O18: TBD | U18: Open | V18: TBD | AA18: Open | AB18: TBD
A19: B6. Speed-to-Market & Low-Cost Delivery Pressure | B19: Closed | C19: Traditional order flow is drying up; response speed is now a commercial differentiator, not just capability. This context drives the whole buy-not-build platform pivot (Topic C1) and the push to get products to market quickly and cheaply. | D19: Krishna Praveen Rao | E19: 46256 | H19: Open | I19: TBD | N19: Open | O19: TBD | U19: Open | V19: TBD | AA19: Open | AB19: TBD
A20: B7. Execution Capacity - Team Bottleneck | B20: Closed | C20: Original pain: pushing the product agenda to the team is slow, due to skill gaps and competing client-delivery priority. RESOLVED for this initiative: Krishna self-builds V0 with Claude as guide and a few pulled-in resources in a support role - sidesteps the team priority conflict, shifts the constraint to Krishna's own hours. | D20: Krishna Praveen Rao | E20: 46256 | H20: Open | I20: TBD | N20: Open | O20: TBD | U20: Open | V20: TBD | AA20: Open | AB20: TBD
A21: C. Platform & Foundation Strategy
A22: C1. Platform Strategy - Odoo vs Zoho, Sequencing | B22: Closed | C22: Researched Odoo Project, Zoho Projects, and Jira against requirements. Odoo has a real manufacturing-depth edge (mature MRP/Shop Floor/Quality/Maintenance) relevant to Qltc's manufacturing specialisation and SAP B1 migration; Zoho's ERP/manufacturing story is new (launched Jan 2026) with documented gaps. Zoho remains attractive for a future retail/service line and is separately viable as a Zoho Consulting Partner offering. DECISION: two-platform strategy long-term (Odoo for manufacturing practice + V0 tracker, Zoho deferred for retail/service), sequenced not parallel - Odoo first. EDITION DECISION: Odoo ENTERPRISE, not Community, chosen from the start. Rationale (debated explicitly): Studio (no-code customisation) directly offsets Krishna's own "little to no hands-on Odoo experience" (Topic C3), lowering build risk for a solo, time-constrained builder. More importantly, the manufacturing depth that justified Odoo over Zoho in the first place - Quality, Maintenance, PLM, Shop Floor - is Enterprise-only; Community's manufacturing is BOM/MO/routing/basic MRP only. Since the long-term goal includes building genuine, sellable Odoo manufacturing-implementation expertise (replacing the SAP B1/R3 practice), Enterprise access is needed for the team to get hands-on with the modules that make that credible to a manufacturing client. Also unlocks the official native mobile app with offline mode (Community/Enterprise both get the PWA; native app + offline is Enterprise-only) and official Odoo support/guaranteed upgrades - relevant risk-reduction for a first-time, solo config effort. Cost acknowledged: roughly 20 users x ~5-40/user/month (~,000-9,600/year) - accepted as worth paying for upfront rather than starting cheap and hitting a wall. | D22: Krishna Praveen Rao / Claude | E22: 46257 | H22: Open | I22: TBD | N22: Open | O22: TBD | U22: Open | V22: TBD | AA22: Open | AB22: TBD
A23: C2. Scalable, Extensible Foundation Principle | B23: Closed | C23: Standing design principle: every structural choice should extend cleanly to a new vertical, product, or category without a rebuild. Concrete config: open Vertical field (all 6 available, populated incrementally), Category field (Client Delivery / Product-Innovation), Status + Notes fields - all native custom fields on the chosen platform, no schema engineering needed. | D23: Krishna Praveen Rao | E23: 46256 | H23: Open | I23: TBD | N23: Open | O23: TBD | U23: Open | V23: TBD | AA23: Open | AB23: TBD
A24: C3. Build Ownership & Time Budget | B24: Closed | C24: Krishna will self-build V0 on Odoo, with Claude as guide and a few pulled-in support resources, starting from little/no hands-on Odoo config experience (offset by deep SAP/business-process background). NOT YET defined: how many hours/week Krishna can realistically commit, what a reasonable target date for a working V0 looks like given that, and exactly what the pulled-in support resources will be asked to do. RESOLVED: realistic commitment is 5-10 hrs/week on top of regular work, despite the "burn the midnight oil" intent - worth pacing the plan against this honest number rather than the more aspirational framing. At 5-10 hrs/week, a working Odoo V0 (4 pilot verticals + Status/Notes/Vertical/Category custom fields + at-risk view + 3-day email nudge) is a multi-week effort, not a multi-day one - target date to be set once Ideate defines the exact configuration steps, so the estimate is grounded rather than guessed. | D24: Krishna Praveen Rao | E24: 46256 | H24: Open | I24: TBD | N24: Open | O24: TBD | U24: Open | V24: TBD | AA24: Open | AB24: TBD

Sheet How To Use
A1: How to use this tracker (V2)
A3: This is a restructured V2 of the tracker, rebuilt after the scope expanded significantly during Empathise.
A5: Topics are grouped into 3 sections: A) Client Delivery Projects, B) Product & Innovation Initiatives, C) Platform & Foundation Strategy.
A6: Most Empathise topics already carry a Closed status with the answer already confirmed earlier in this process - these are not being re-asked.
A7: A handful of topics are marked Open in Empathise - these are genuine gaps (the 4 products individually, the other 3 verticals, and the build time budget) that need fresh questions before Empathise can close for V2.
A8: The plan: finish these Open Empathise items first, then move through Define/Ideate/Prototype/Testing for V2, same rhythm as before - but Krishna wants this pace to be deliberate through Empathise/Define/Ideate, and only fast from Prototype onward.
